zaman,tip,zaman_ham,metin,mgm_id,mgm_status,mgm_status_aciklama,mgm_type,mgm_type_aciklama,alinma_zamani,kaynak
2026-09-27T11:20:00+00:00,METAR,2026-09-27T11:20:00.783+00:00,METAR LTFJ 271120Z 03014KT 9999 SCT029 BKN100 23/15 Q1017 NOSIG RMK RWY24R 36014KT RWY06R 36013KT RWY24L 01013KT ,55031224,1,NORMAL,4,SATU,2026-09-28T10:54:37+00:00,backfill_h24
2026-09-27T11:50:00+00:00,METAR,2026-09-27T11:50:00.273+00:00,METAR LTFJ 271150Z 03012KT 360V060 9999 SCT029 BKN100 23/16 Q1016 NOSIG RMK RWY24R 01013KT RWY06R 01013KT RWY24L 01013KT ,55036324,1,NORMAL,4,SATU,2026-09-28T10:54:37+00:00,backfill_h24
2026-09-27T12:20:00+00:00,METAR,2026-09-27T12:20:00.471+00:00,METAR LTFJ 271220Z 05016KT 9999 SCT026 BKN100 23/15 Q1016 NOSIG RMK RWY24R 02014KT RWY06R 02017KT RWY24L 01015KT ,55047336,1,NORMAL,4,SATU,2026-09-28T10:54:37+00:00,backfill_h24
2026-09-27T12:50:00+00:00,METAR,2026-09-27T12:50:00.959+00:00,METAR LTFJ 271250Z 03014KT 9999 SCT026 SCT100 22/15 Q1016 NOSIG RMK RWY24R 03015KT 360V060 RWY06R 02016KT RWY24L 02016KT ,55053551,1,NORMAL,4,SATU,2026-09-28T10:54:37+00:00,backfill_h24
2026-09-27T13:20:00+00:00,METAR,2026-09-27T13:20:00.695+00:00,METAR LTFJ 271320Z 05014KT 9999 SCT026 SCT100 23/15 Q1016 NOSIG RMK RWY24R 03012KT 360V060 RWY06R 02014KT 350V050 RWY24L 04013KT ,55062454,1,NORMAL,4,SATU,2026-09-28T10:54:37+00:00,backfill_h24
2026-09-27T13:50:00+00:00,METAR,2026-09-27T13:50:00.407+00:00,METAR LTFJ 271350Z 03012KT 9999 SCT026 SCT100 22/14 Q1016 NOSIG RMK RWY24R 02013KT RWY06R 02015KT RWY24L 04013KT ,55064696,1,NORMAL,4,SATU,2026-09-28T10:54:37+00:00,backfill_h24
2026-09-27T14:20:00+00:00,METAR,2026-09-27T14:20:00.699+00:00,METAR LTFJ 271420Z 03013KT 9999 SCT026 SCT100 21/14 Q1016 NOSIG RMK RWY24R 02013KT RWY06R 03016KT RWY24L 02013KT ,55072770,1,NORMAL,4,SATU,2026-09-28T10:54:37+00:00,backfill_h24
2026-09-27T14:50:00+00:00,METAR,2026-09-27T14:50:00.233+00:00,METAR LTFJ 271450Z 03013KT 9999 SCT030 SCT100 21/14 Q1016 NOSIG RMK RWY24R 02011KT RWY06R 02013KT RWY24L 03012KT ,55075567,1,NORMAL,4,SATU,2026-09-28T10:54:37+00:00,backfill_h24
2026-09-27T15:20:00+00:00,METAR,2026-09-27T15:20:00.226+00:00,METAR LTFJ 271520Z 03012KT 9999 SCT030 BKN100 20/14 Q1016 NOSIG RMK RWY24R 02010KT RWY06R 02011KT RWY24L 02010KT ,55083884,1,NORMAL,4,SATU,2026-09-28T10:54:37+00:00,backfill_h24
2026-09-27T15:50:00+00:00,METAR,2026-09-27T15:50:00.333+00:00,METAR LTFJ 271550Z 04010KT 9999 SCT026 BKN100 20/15 Q1016 NOSIG RMK RWY24R 02010KT RWY06R 03012KT RWY24L 03009KT ,55088514,1,NORMAL,4,SATU,2026-09-28T10:54:37+00:00,backfill_h24
2026-09-27T16:20:00+00:00,METAR,2026-09-27T16:20:00.767+00:00,METAR LTFJ 271620Z 03010KT 9999 SCT030 BKN100 19/16 Q1016 NOSIG RMK RWY24R 02010KT RWY06R 01011KT RWY24L 02009KT ,55096687,1,NORMAL,4,SATU,2026-09-28T10:54:37+00:00,backfill_h24
2026-09-27T16:50:00+00:00,METAR,2026-09-27T16:50:00.399+00:00,METAR LTFJ 271650Z 02011KT 9999 SCT030 BKN100 19/16 Q1016 NOSIG RMK RWY24R 01012KT RWY06R 01013KT RWY24L 01010KT ,55098813,1,NORMAL,4,SATU,2026-09-28T10:54:37+00:00,backfill_h24
2026-09-27T17:20:00+00:00,METAR,2026-09-27T17:20:00.14+00:00,METAR LTFJ 271720Z 02011KT 9999 SCT030 BKN100 19/15 Q1015 NOSIG RMK RWY24R 01011KT RWY06R 36012KT RWY24L 01011KT ,55107352,1,NORMAL,4,SATU,2026-09-28T10:54:37+00:00,backfill_h24
2026-09-27T17:50:00+00:00,METAR,2026-09-27T17:50:00.617+00:00,METAR LTFJ 271750Z 03013KT 9999 FEW015 SCT030 BKN080 18/16 Q1016 NOSIG RMK RWY24R 01012KT RWY06R 01015KT RWY24L 01012KT ,55112338,1,NORMAL,4,SATU,2026-09-28T10:54:37+00:00,backfill_h24
2026-09-27T18:02:00+00:00,SPECI,2026-09-27T18:02:00.331+00:00,SPECI LTFJ 271802Z 02014KT 9999 -SHRA FEW015 SCT030 BKN080 18/16 Q1015 NOSIG RMK RWY24R 01014KT RWY06R 01015KT RWY24L 01012KT ,55115203,1,NORMAL,5,SPTU,2026-09-28T10:54:37+00:00,backfill_h24
2026-09-27T18:20:00+00:00,METAR,2026-09-27T18:20:00.607+00:00,METAR LTFJ 271820Z 02013KT 9999 -SHRA FEW013 SCT030 BKN080 18/16 Q1015 NOSIG RMK RWY24R 36013KT RWY06R 36013KT RWY24L 01010KT ,55122597,1,NORMAL,4,SATU,2026-09-28T10:54:37+00:00,backfill_h24
2026-09-27T18:50:00+00:00,METAR,2026-09-27T18:50:00.775+00:00,METAR LTFJ 271850Z 02012KT 9999 -SHRA FEW013 SCT030 BKN080 18/16 Q1015 NOSIG RMK RWY24R 01010KT RWY06R 01011KT RWY24L 01010KT ,55128121,1,NORMAL,4,SATU,2026-09-28T10:54:37+00:00,backfill_h24
2026-09-27T19:20:00+00:00,METAR,2026-09-27T19:20:00.425+00:00,METAR LTFJ 271920Z 02010KT 9999 -SHRA FEW013 BKN030 BKN080 18/17 Q1015 NOSIG RMK RWY24R 01010KT RWY06R 02011KT RWY24L 02008KT ,55136233,4,CCA   ,4,SATU,2026-09-28T10:54:37+00:00,backfill_h24
2026-09-27T19:50:00+00:00,METAR,2026-09-27T19:50:00.493+00:00,METAR LTFJ 271950Z 02011KT 9999 -SHRA FEW013 BKN030 BKN080 18/16 Q1015 NOSIG RMK RWY24R 01011KT RWY06R 01011KT RWY24L 01010KT ,55140290,1,NORMAL,4,SATU,2026-09-28T10:54:37+00:00,backfill_h24
2026-09-27T20:20:00+00:00,METAR,2026-09-27T20:20:00.145+00:00,METAR LTFJ 272020Z 02009KT 9999 SHRA FEW013 BKN030 BKN080 17/16 Q1015 BECMG TL2120 NSW RMK RWY24R 36009KT RWY06R 01010KT RWY24L 01008KT ,55148657,4,CCA   ,4,SATU,2026-09-28T10:54:37+00:00,backfill_h24
2026-09-27T20:50:00+00:00,METAR,2026-09-27T20:50:00.791+00:00,METAR LTFJ 272050Z 03011KT 9999 SHRA FEW013 BKN030 BKN080 17/16 Q1015 BECMG TL2150 NSW RMK RWY24R 01010KT RWY06R 01012KT RWY24L 03008KT ,55151192,1,NORMAL,4,SATU,2026-09-28T10:54:37+00:00,backfill_h24
2026-09-27T21:11:00+00:00,SPECI,2026-09-27T21:11:00.689+00:00,SPECI LTFJ 272111Z 03006KT 9999 -SHRA FEW013 BKN030 BKN080 17/16 Q1015 RESHRA NOSIG RMK RWY24R 02005KT RWY06R 02008KT RWY24L 04005KT ,55157958,1,NORMAL,5,SPTU,2026-09-28T10:54:37+00:00,backfill_h24
2026-09-27T21:20:00+00:00,METAR,2026-09-27T21:20:00.643+00:00,METAR LTFJ 272120Z 02004KT 350V050 9999 -SHRA FEW013 BKN030 BKN080 17/16 Q1015 RESHRA NOSIG RMK RWY24R 36006G16KT 320V070 RWY06R 02005KT 340V050 RWY24L 05004KT 360V080 ,55159649,1,NORMAL,4,SATU,2026-09-28T10:54:37+00:00,backfill_h24
2026-09-27T21:27:00+00:00,SPECI,2026-09-27T21:27:00.313+00:00,SPECI LTFJ 272127Z 03005KT 360V060 4000 SHRA FEW010 BKN030 BKN080 17/16 Q1015 BECMG TL2220 9999 NSW RMK RWY24R 01005G16KT 330V070 RWY06R 01005KT 340V040 RWY24L 01006KT 340V050 ,55161265,1,NORMAL,5,SPTU,2026-09-28T10:54:37+00:00,backfill_h24
2026-09-27T21:50:00+00:00,METAR,2026-09-27T21:50:00.931+00:00,METAR LTFJ 272150Z VRB03KT 8000 -SHRA FEW013 BKN030 BKN080 17/16 Q1015 RESHRA NOSIG RMK RWY24R 31004KT 290V100 RWY06R 31004KT 270V340 RWY24L 32005KT ,55163427,1,NORMAL,4,SATU,2026-09-28T10:54:37+00:00,backfill_h24
2026-09-27T22:20:00+00:00,METAR,2026-09-27T22:20:00.281+00:00,METAR LTFJ 272220Z 33004KT 280V020 7000 -SHRA FEW011 BKN025 BKN080 18/17 Q1014 NOSIG RMK RWY24R 33006KT 290V360 RWY06R 32003KT 280V040 RWY24L VRB02KT ,55171623,1,NORMAL,4,SATU,2026-09-28T10:54:37+00:00,backfill_h24
2026-09-27T22:50:00+00:00,METAR,2026-09-27T22:50:00.364+00:00,METAR LTFJ 272250Z 01008KT 7000 SHRA FEW007 BKN025 BKN080 17/17 Q1014 BECMG TL2350 NSW RMK RWY24R 33009KT RWY06R 34006KT 300V060 RWY24L 30004KT 270V350 ,55173900,1,NORMAL,4,SATU,2026-09-28T10:54:37+00:00,backfill_h24
2026-09-27T23:20:00+00:00,METAR,2026-09-27T23:20:00.107+00:00,METAR LTFJ 272320Z 01009KT 8000 -SHRA FEW010 BKN025 BKN080 17/16 Q1014 RESHRA NOSIG RMK RWY24R 35009KT RWY06R 35011KT RWY24L 36006KT ,55182945,1,NORMAL,4,SATU,2026-09-28T10:54:37+00:00,backfill_h24
2026-09-27T23:50:00+00:00,METAR,2026-09-27T23:50:00.078+00:00,METAR LTFJ 272350Z 02007KT 9999 -SHRA FEW010 BKN025 BKN080 17/15 Q1014 NOSIG RMK RWY24R 35008KT RWY06R 36008KT RWY24L 36005KT ,55187696,1,NORMAL,4,SATU,2026-09-28T10:54:37+00:00,backfill_h24
2026-09-28T00:20:00+00:00,METAR,2026-09-28T00:20:00.758+00:00,METAR LTFJ 280020Z 03004KT 360V070 9999 -SHRA SCT010 BKN025 BKN080 17/16 Q1014 NOSIG RMK RWY24R 35006KT RWY06R 36004KT 330V030 RWY24L 36003KT ,55198175,1,NORMAL,4,SATU,2026-09-28T10:54:37+00:00,backfill_h24
2026-09-28T00:50:00+00:00,METAR,2026-09-28T00:50:00.271+00:00,METAR LTFJ 280050Z 04006KT 9999 -SHRA SCT010 BKN025 BKN080 17/16 Q1013 NOSIG RMK RWY24R 01005KT RWY06R 01006KT RWY24L 03005KT 360V060 ,55204191,1,NORMAL,4,SATU,2026-09-28T10:54:37+00:00,backfill_h24
2026-09-28T01:13:00+00:00,SPECI,2026-09-28T01:13:00.599+00:00,SPECI LTFJ 280113Z 02007KT 7000 SHRA SCT010 BKN025 BKN080 17/16 Q1013 BECMG TL0150 NSW  RMK RWY24R 36004KT RWY06R 03003KT 320V060 RWY24L 01005KT ,55211608,1,NORMAL,5,SPTU,2026-09-28T10:54:37+00:00,backfill_h24
2026-09-28T01:20:00+00:00,METAR,2026-09-28T01:20:00.915+00:00,METAR LTFJ 280120Z 01007KT 9999 -SHRA SCT010 BKN025 BKN080 17/16 Q1013 RESHRA NOSIG RMK RWY24R 35005KT RWY06R 36005KT 320V060 RWY24L 01004KT 340V140 ,55212851,1,NORMAL,4,SATU,2026-09-28T10:54:37+00:00,backfill_h24
2026-09-28T01:44:00+00:00,SPECI,2026-09-28T01:44:00.797+00:00,SPECI LTFJ 280144Z 02006KT 6000 SHRA SCT010 BKN025 BKN080 17/16 Q1013 BECMG TL0220 NSW RMK RWY24R 35006KT RWY06R 36008KT 320V030 RWY24L 36005KT 320V020 ,55215002,1,NORMAL,5,SPTU,2026-09-28T10:54:37+00:00,backfill_h24
2026-09-28T01:50:00+00:00,METAR,2026-09-28T01:50:00.955+00:00,METAR LTFJ 280150Z 02006KT 6000 SHRA SCT010 BKN025 BKN080 17/16 Q1013 BECMG TL0220 NSW RMK RWY24R 35007KT RWY06R 36008KT 320V030 RWY24L 35005KT ,55215145,1,NORMAL,4,SATU,2026-09-28T10:54:37+00:00,backfill_h24
2026-09-28T02:20:00+00:00,METAR,2026-09-28T02:20:00.843+00:00,METAR LTFJ 280220Z 01006KT 340V040 6000 SHRA SCT010 BKN025 BKN080 17/16 Q1013 BECMG TL0300 NSW RMK RWY24R 35007KT RWY06R 36007KT RWY24L 36004KT ,55223363,1,NORMAL,4,SATU,2026-09-28T10:54:37+00:00,backfill_h24
2026-09-28T02:50:00+00:00,METAR,2026-09-28T02:50:00.437+00:00,METAR LTFJ 280250Z 36010KT 320V040 9999 -SHRA SCT010 BKN025 BKN080 17/16 Q1013 RESHRA NOSIG RMK RWY24R 36007KT RWY06R 35004KT 290V030 RWY24L 33003KT 300V010 ,55226156,1,NORMAL,4,SATU,2026-09-28T10:54:37+00:00,backfill_h24
2026-09-28T03:01:00+00:00,SPECI,2026-09-28T03:01:00.293+00:00,SPECI LTFJ 280301Z 02012KT 2800 +SHRA SCT010 BKN025 BKN080 17/16 Q1013 BECMG TL0350 9999 NSW RMK RWY24R 01010KT RWY06R 02010KT 330V050 RWY24L 03005KT 330V080 ,55229027,1,NORMAL,5,SPTU,2026-09-28T10:54:37+00:00,backfill_h24
2026-09-28T03:16:00+00:00,SPECI,2026-09-28T03:16:00.123+00:00,SPECI LTFJ 280316Z 03013G23KT 360V060 3200 +SHRA SCT010 BKN025 BKN080 17/16 Q1013 BECMG TL0410 9999 NSW RMK RWY24R 01010KT RWY06R 01010KT RWY24L 01006KT 340V050 ,55233775,1,NORMAL,5,SPTU,2026-09-28T10:54:37+00:00,backfill_h24
2026-09-28T03:20:00+00:00,METAR,2026-09-28T03:20:00.448+00:00,METAR LTFJ 280320Z 04012KT 3200 +SHRA SCT010 BKN025 BKN080 17/16 Q1013 BECMG TL0420 9999 NSW RMK RWY24R 02010KT RWY06R 02012KT RWY24L 03007KT 360V060 ,55234666,1,NORMAL,4,SATU,2026-09-28T10:54:37+00:00,backfill_h24
2026-09-28T03:29:00+00:00,SPECI,2026-09-28T03:29:00.68+00:00,SPECI LTFJ 280329Z 03010KT 4500 SHRA SCT010 BKN025 BKN080 17/17 Q1013 RESHRA BECMG TL0430 9999 NSW RMK RWY24R 03008KT RWY06R 03010KT RWY24L 04005KT ,55236320,1,NORMAL,5,SPTU,2026-09-28T10:54:37+00:00,backfill_h24
2026-09-28T03:44:00+00:00,SPECI,2026-09-28T03:44:00.607+00:00,SPECI LTFJ 280344Z 03009KT 360V060 9999 -SHRA SCT010 BKN025 BKN080 17/17 Q1013 RESHRA NOSIG RMK RWY24R 02007KT 350V060 RWY06R 03007KT RWY24L 03006KT 350V050 ,55239008,1,NORMAL,5,SPTU,2026-09-28T10:54:37+00:00,backfill_h24
2026-09-28T03:50:00+00:00,METAR,2026-09-28T03:50:00.451+00:00,METAR LTFJ 280350Z 02012G24KT 9999 -SHRA SCT010 BKN025 BKN080 18/17 Q1013 RESHRA NOSIG RMK RWY24R 01010KT 340V040 RWY06R 02010KT 350V050 RWY24L 02009KT 350V050 ,55239281,1,NORMAL,4,SATU,2026-09-28T10:54:37+00:00,backfill_h24
2026-09-28T04:20:00+00:00,METAR,2026-09-28T04:20:00.475+00:00,METAR LTFJ 280420Z 01015KT 9999 -SHRA SCT009 BKN025 BKN080 18/16 Q1012 NOSIG RMK RWY24R 01015KT RWY06R 36015KT RWY24L 01013KT ,55247650,1,NORMAL,4,SATU,2026-09-28T10:54:37+00:00,backfill_h24
2026-09-28T04:43:00+00:00,SPECI,2026-09-28T04:43:00.182+00:00,SPECI LTFJ 280443Z 01014KT 340V040 3600 SHRA SCT009 BKN025 BKN080 18/16 Q1013 BECMG TL0540 9999 NSW RMK RWY24R 36016G26KT RWY06R 36017G28KT RWY24L 36012G22KT ,55250167,1,NORMAL,5,SPTU,2026-09-28T10:54:37+00:00,backfill_h24
2026-09-28T04:50:00+00:00,METAR,2026-09-28T04:50:00.434+00:00,METAR LTFJ 280450Z 01016G26KT 3200 SHRA SCT009 BKN025 BKN080 18/16 Q1013 BECMG TL0550 9999 NSW RMK RWY24R 36018G29KT RWY06R 36017G28KT RWY24L 36016KT ,55250418,1,NORMAL,4,SATU,2026-09-28T10:54:37+00:00,backfill_h24
2026-09-28T05:20:00+00:00,METAR,2026-09-28T05:20:00.216+00:00,METAR LTFJ 280520Z 02016KT 3000 +SHRA SCT009 BKN025 BKN080 17/16 Q1013 BECMG TL0620 9999 NSW RMK RWY24R 36014KT RWY06R 36016KT RWY24L 36014KT ,55259152,1,NORMAL,4,SATU,2026-09-28T10:54:37+00:00,backfill_h24
2026-09-28T05:50:00+00:00,METAR,2026-09-28T05:50:00.474+00:00,METAR LTFJ 280550Z 02019KT 2600 +SHRA SCT009 BKN025 BKN080 17/16 Q1013 BECMG TL0650 6000 NSW RMK RWY24R 36018KT RWY06R 36018KT RWY24L 36015KT ,55264435,1,NORMAL,4,SATU,2026-09-28T10:54:37+00:00,backfill_h24
2026-09-28T06:09:00+00:00,SPECI,2026-09-28T06:09:00.925+00:00,SPECI LTFJ 280609Z 02012KT 6000 SHRA SCT009 BKN025 BKN080 17/16 Q1014 RESHRA BECMG TL0710 NSW RMK RWY24R 02016G27KT 340V040 RWY06R 01015KT RWY24L 02016G26KT ,55270489,1,NORMAL,5,SPTU,2026-09-28T10:54:37+00:00,backfill_h24
2026-09-28T06:20:00+00:00,METAR,2026-09-28T06:20:00.309+00:00,METAR LTFJ 280620Z 02009KT 350V050 6000 -SHRA SCT009 BKN025 BKN080 18/16 Q1014 RESHRA NOSIG RMK RWY24R 01010KT RWY06R 36009KT RWY24L 03009KT ,55274848,4,CCA   ,4,SATU,2026-09-28T10:54:37+00:00,backfill_h24
2026-09-28T06:50:00+00:00,METAR,2026-09-28T06:50:00.845+00:00,METAR LTFJ 280650Z 03009KT 360V060 6000 -SHRA SCT009 BKN025 BKN080 18/17 Q1014 NOSIG RMK RWY24R 03010KT 360V070 RWY06R 03010KT RWY24L 02008KT 340V060 ,55281077,1,NORMAL,4,SATU,2026-09-28T10:54:37+00:00,backfill_h24
2026-09-28T07:20:00+00:00,METAR,2026-09-28T07:20:00.032+00:00,METAR LTFJ 280720Z 36015KT 330V030 1600 +SHRA SCT009 BKN022 BKN080 18/17 Q1014 BECMG TL0750 6000 NSW RMK RWY24R 01014KT RWY06R 35014G26KT 320V030 RWY24L 36013G23KT ,55289417,1,NORMAL,4,SATU,2026-09-28T10:54:37+00:00,backfill_h24
2026-09-28T07:31:00+00:00,SPECI,2026-09-28T07:31:00.127+00:00,SPECI LTFJ 280731Z 01016G26KT 320V040 6000 -SHRA SCT009 BKN025 BKN080 18/16 Q1014 RESHRA NOSIG RMK RWY24R 36014G25KT RWY06R 36017KT 330V030 RWY24L 36015KT ,55290850,1,NORMAL,5,SPTU,2026-09-28T10:54:37+00:00,backfill_h24
2026-09-28T07:50:00+00:00,METAR,2026-09-28T07:50:00.404+00:00,METAR LTFJ 280750Z 36014G27KT 320V030 9999 -SHRA SCT010 BKN025 BKN080 18/16 Q1014 RESHRA NOSIG RMK RWY24R 35017KT 320V020 RWY06R 35016G26KT RWY24L 36015KT ,55291838,1,NORMAL,4,SATU,2026-09-28T10:54:37+00:00,backfill_h24
2026-09-28T08:20:00+00:00,METAR,2026-09-28T08:20:00.543+00:00,METAR LTFJ 280820Z 35018KT 9999 -SHRA SCT010 BKN025 BKN080 18/16 Q1014 NOSIG RMK RWY24R 33018KT RWY06R 33017KT RWY24L 34016G26KT ,55300125,1,NORMAL,4,SATU,2026-09-28T10:54:37+00:00,backfill_h24
2026-09-28T08:50:00+00:00,METAR,2026-09-28T08:50:00.3+00:00,METAR LTFJ 280850Z 01017KT 340V040 9999 -SHRA SCT010 BKN025 BKN080 19/16 Q1014 NOSIG RMK RWY24R 35017KT RWY06R 35020KT RWY24L 36016KT ,55303056,1,NORMAL,4,SATU,2026-09-28T10:54:37+00:00,backfill_h24
2026-09-28T09:14:00+00:00,SPECI,2026-09-28T09:14:00.598+00:00,SPECI LTFJ 280914Z 36016G26KT 330V030 9999 SCT010 BKN025 BKN080 19/16 Q1014 RESHRA NOSIG RMK RWY24R 35022KT RWY06R 35020G30KT RWY24L 36016KT ,55310962,1,NORMAL,5,SPTU,2026-09-28T10:54:35+00:00,canli_h0
2026-09-28T09:20:00+00:00,METAR,2026-09-28T09:20:00.704+00:00,METAR LTFJ 280920Z 35016G27KT 320V040 9999 SCT015 BKN025 BKN080 19/16 Q1014 RESHRA NOSIG RMK RWY24R 35021G31KT 320V020 RWY06R 34019G30KT 320V020 RWY24L 36016KT ,55311931,1,NORMAL,4,SATU,2026-09-28T10:54:37+00:00,backfill_h24
2026-09-28T09:50:00+00:00,METAR,2026-09-28T09:50:00.439+00:00,METAR LTFJ 280950Z 35015G26KT 320V040 9999 SCT015 BKN025 BKN080 19/15 Q1014 NOSIG RMK RWY24R 35021KT 310V010 RWY06R 34018KT 310V010 RWY24L 35018KT ,55315626,1,NORMAL,4,SATU,2026-09-28T10:54:37+00:00,backfill_h24
2026-09-28T10:20:00+00:00,METAR,2026-09-28T10:20:00.742+00:00,METAR LTFJ 281020Z 36019KT 9999 SCT015 BKN025 BKN080 19/15 Q1014 NOSIG RMK RWY24R 35019G30KT RWY06R 36014G26KT 300V020 RWY24L 35018G30KT 320V020 ,55323657,1,NORMAL,4,SATU,2026-09-28T10:54:37+00:00,backfill_h24
2026-09-28T10:50:00+00:00,METAR,2026-09-28T10:50:00.265+00:00,METAR LTFJ 281050Z 35013KT 320V020 9999 SCT016 BKN025 BKN080 18/15 Q1015 NOSIG RMK RWY24R 34019G30KT RWY06R 33012G22KT 290V030 RWY24L 35017KT ,55326240,1,NORMAL,4,SATU,2026-09-28T10:54:35+00:00,canli_h0
2026-09-28T11:20:00+00:00,METAR,2026-09-28T11:20:00.312+00:00,METAR LTFJ 281120Z 34010G20KT 300V020 9999 SCT016 BKN025 BKN080 19/14 Q1015 NOSIG RMK RWY24R 34017G30KT RWY06R 33014KT 290V030 RWY24L 34013KT 300V020 ,55335103,1,NORMAL,4,SATU,2026-09-28T11:24:39+00:00,canli_h0
2026-09-28T11:50:00+00:00,METAR,2026-09-28T11:50:00.875+00:00,METAR LTFJ 281150Z 35016G26KT 300V020 9999 SCT018 BKN025 BKN080 18/14 Q1015 NOSIG RMK RWY24R 34020KT RWY06R 34016KT 300V360 RWY24L 34018KT ,55340395,1,NORMAL,4,SATU,2026-09-28T11:54:37+00:00,canli_h0
2026-09-28T12:20:00+00:00,METAR,2026-09-28T12:20:00.335+00:00,METAR LTFJ 281220Z 33014G24KT 290V020 9999 SCT018 BKN025 BKN080 18/14 Q1015 NOSIG RMK RWY24R 33018KT RWY06R 32014G27KT RWY24L 33016KT ,55351505,1,NORMAL,4,SATU,2026-09-28T12:24:38+00:00,canli_h0
2026-09-28T12:50:00+00:00,METAR,2026-09-28T12:50:00.229+00:00,METAR LTFJ 281250Z 33010KT 290V030 9999 SCT018 BKN025 BKN080 18/14 Q1015 NOSIG RMK RWY24R 34015KT 310V010 RWY06R 33013KT 300V360 RWY24L 34016KT 310V010 ,55357615,1,NORMAL,4,SATU,2026-09-28T12:54:36+00:00,canli_h0
2026-09-28T13:20:00+00:00,METAR,2026-09-28T13:20:00.666+00:00,METAR LTFJ 281320Z 34014KT 320V020 9999 -SHRA SCT015 BKN025 BKN080 17/15 Q1015 NOSIG RMK RWY24R 34013KT RWY06R 33012KT 300V010 RWY24L 33013KT 300V010 ,55366376,1,NORMAL,4,SATU,2026-09-28T13:24:34+00:00,canli_h0
2026-09-28T13:50:00+00:00,METAR,2026-09-28T13:50:00.762+00:00,METAR LTFJ 281350Z 33011KT 300V360 9999 -SHRA SCT015 BKN025 BKN080 17/15 Q1015 NOSIG RMK RWY24R 33012KT 300V360 RWY06R 32013KT RWY24L 34014KT ,55368875,1,NORMAL,4,SATU,2026-09-28T13:54:34+00:00,canli_h0
2026-09-28T14:20:00+00:00,METAR,2026-09-28T14:20:00.397+00:00,METAR LTFJ 281420Z 33010KT 290V030 9999 SCT015 BKN025 BKN080 17/14 Q1016 RESHRA NOSIG RMK RWY24R 33012G22KT RWY06R 32013KT 280V340 RWY24L 34012KT ,55377614,1,NORMAL,4,SATU,2026-09-28T14:24:34+00:00,canli_h0
2026-09-28T14:50:00+00:00,METAR,2026-09-28T14:50:00.168+00:00,METAR LTFJ 281450Z 33011KT 300V360 9999 SCT015 BKN025 BKN080 17/14 Q1016 NOSIG RMK RWY24R 33011KT 290V010 RWY06R 32013KT RWY24L 34011KT ,55380036,1,NORMAL,4,SATU,2026-09-28T14:54:37+00:00,canli_h0
2026-09-28T15:20:00+00:00,METAR,2026-09-28T15:20:00.133+00:00,METAR LTFJ 281520Z 34011KT 310V010 9999 SCT015 BKN025 BKN080 17/15 Q1016 NOSIG RMK RWY24R 33013KT RWY06R 32013KT RWY24L 33011KT ,55388601,1,NORMAL,4,SATU,2026-09-28T15:24:37+00:00,canli_h0
2026-09-28T15:50:00+00:00,METAR,2026-09-28T15:50:00.906+00:00,METAR LTFJ 281550Z 34012KT 310V030 9999 SCT015 BKN025 BKN080 17/15 Q1016 NOSIG RMK RWY24R 32012KT 210V340 RWY06R 32013KT RWY24L 32011KT ,55392501,1,NORMAL,4,SATU,2026-09-28T15:54:36+00:00,canli_h0
2026-09-28T16:20:00+00:00,METAR,2026-09-28T16:20:00.964+00:00,METAR LTFJ 281620Z 33009KT 290V010 9999 -SHRA SCT010 BKN025 BKN080 17/15 Q1016 NOSIG RMK RWY24R 31011KT 280V340 RWY06R 31012KT RWY24L 31009KT ,55400907,1,NORMAL,4,SATU,2026-09-28T16:24:37+00:00,canli_h0
2026-09-28T16:50:00+00:00,METAR,2026-09-28T16:50:00.704+00:00,METAR LTFJ 281650Z 34013KT 300V020 9999 -SHRA SCT010 BKN025 BKN080 17/15 Q1016 NOSIG RMK RWY24R 32013KT RWY06R 32012KT RWY24L 32011KT ,55403399,1,NORMAL,4,SATU,2026-09-28T16:54:35+00:00,canli_h0
2026-09-28T17:20:00+00:00,METAR,2026-09-28T17:20:00.326+00:00,METAR LTFJ 281720Z 34012KT 310V010 9999 -SHRA SCT010 BKN025 BKN080 18/16 Q1016 NOSIG RMK RWY24R 32014KT RWY06R 33013KT 290V360 RWY24L 33013KT ,55412333,1,NORMAL,4,SATU,2026-09-28T17:24:36+00:00,canli_h0
2026-09-28T17:50:00+00:00,METAR,2026-09-28T17:50:00.349+00:00,METAR LTFJ 281750Z 31011KT 280V360 9999 -SHRA SCT008 BKN022 17/16 Q1016 NOSIG RMK RWY24R 31011KT RWY06R 29011KT 260V330 RWY24L 30010KT ,55416872,1,NORMAL,4,SATU,2026-09-28T17:54:33+00:00,canli_h0
2026-09-28T18:20:00+00:00,METAR,2026-09-28T18:20:00.516+00:00,METAR LTFJ 281820Z 32011KT 290V350 6000 SHRA SCT008 BKN022 18/16 Q1015 BECMG TL1930 NSW RMK RWY24R 31012KT RWY06R 31012KT 280V340 RWY24L 31009KT ,55425859,1,NORMAL,4,SATU,2026-09-28T18:24:33+00:00,canli_h0
2026-09-28T18:50:00+00:00,METAR,2026-09-28T18:50:00.094+00:00,METAR LTFJ 281850Z 34012KT 310V010 6000 SHRA SCT008 BKN022 18/16 Q1016 BECMG TL2000 NSW RMK RWY24R 33014G24KT 300V360 RWY06R 32014KT RWY24L 34010KT 300V010 ,55433210,1,NORMAL,4,SATU,2026-09-28T19:04:37+00:00,canli_h0
